,Resin#,Reactor,Reaction Solvent,AN,OHN,OHN (primary),OHN (secondary),IV,IV - Intrinsic,Tg,Tg∞ (°C),Cyclic Oligomer (%),Mn (PS),Mw (PS),Mz (PS),PDI (PS),Mn (abs),Mw (abs),Mz (abs),PDI (abs),%SA,%ADP,%DDDA,%AZL,"%1,4-CHDA","%1,4-CHDA (95% trans)","%1,3-CHDA","%1,2-CHDA",%HHPA,%PA,%IPA,%TPA,%TMA,%Total Acid,%EG,%DEG,"%1,3-PROP","%1,4-BUT",%HDO,%NPG,"%1,4-CHDM","%1,3-CHDM",%TMCD,%TMP,%MPD,%TCDDM,%Total Glycol,End,uncertainty,abs_error
124,144,Rig,Neat,17.15,25.40442198,,,0.161,0.163,,,,,,,,,,,,,,,,,,,,,,84.1,15.9,,100.0,,,,,,,,56.0,43.8,,,,99.7,,0.00019066163804382086,0.004705637693405151
120,140,Rig,Neat,20.65,18.54232931,,,0.156,0.158,,,,,,,,,,,,,,,,,,,,,,84.0,16.0,,100.0,,,,,,,,58.8,41.1,,,,99.9,,0.00022141641238704324,0.02617819607257843
115,135,Rig,Neat,22.66,22.41013994,,,0.163,0.165,,,,,,,,,,,,,,,,,,,,,,84.4,15.6,,100.0,,,,,,,58.8,,41.0,,,,99.7,,0.0002653363044373691,0.011637240648269653
155,175,Rig,Neat,24.34,32.93935921,,,0.138,0.139,,,,,,,,,,,,,,,,,,,,,,84.6,15.4,,100.0,,,,,,,55.4,,44.4,,,,99.7,,0.00027938024140894413,0.007722482085227966
130,150,Rig,Neat,27.37,25.45544883,,,0.155,0.157,,,,,,,,,,,,,,,,,,,,,,84.6,15.4,,100.0,,,,,,,57.9,,41.8,,,,99.9,,0.00030521751614287496,0.013304650783538818
154,174,Rig,Neat,38.94,43.41929128,,,0.113,0.114,,,,,,,,,,,,,,,,,,,,,,85.2,14.8,,100.0,,,,,,,54.7,,45.0,,,,99.7,,0.0003086256328970194,0.004991844296455383
145,165,Rig,Neat,36.03,47.31791145,,,0.111,0.11199999999999999,,,,,,,,,,,,,,,,,,,,,,84.0,16.0,,100.0,,,,,,,52.4,,47.0,,,,99.5,,0.0003091982798650861,0.005581274628639221
131,151,Rig,Neat,25.46,24.72455474,,,0.147,0.14800000000000002,,,,,,,,,,,,,,,,,,,,,,84.5,15.5,,100.0,,,,,,,57.7,,42.2,,,,99.9,,0.0003423616581130773,0.0015318244695663452
122,142,Rig,Neat,25.96,31.86464933,,,0.132,0.133,,,,,,,,,,,,,,,,,,,,,,84.2,15.8,,100.0,,,,,,,,56.0,43.7,,,,99.7,,0.00040581857319921255,0.002506077289581299
116,136,Rig,Neat,18.68,23.8131529,,,0.175,0.177,,,,,,,,,,,,,,,,,,,,,,84.4,15.6,,100.0,,,,,,,58.0,,41.7,,,,99.9,,0.0005177080747671425,0.017997995018959045
121,141,Rig,Neat,19.54,19.30559602,,,0.177,0.179,,,,,,,,,,,,,,,,,,,,,,84.4,15.6,,100.0,,,,,,,,58.7,41.1,,,,99.7,,0.0005244005005806684,0.012636587023735046
119,139,Rig,Neat,22.89,23.52659166,,,0.154,0.155,,,,,,,,,,,,,,,,,,,,,,84.5,15.5,,100.0,,,,,,,,57.7,42.2,,,,99.9,,0.0005811023875139654,0.0026969462633132935
114,134,Rig,Neat,25.9,27.96479659,,,0.14400000000000002,0.146,,,,,,,,,,,,,,,,,,,,,,84.6,15.4,,100.0,,,,,,,57.3,,42.6,,,,99.9,,0.0006440425640903413,0.0026871860027313232
180,221,Rig,Neat,6.82,20.04,,,0.217,0.22,,,,,,,,,,,,,,,,,,,,,,84.7,15.3,,100.0,,,,,,,,55.9,43.9,,,,99.9,,0.0007912377477623522,0.0005255937576293945
184,225,Rig,Neat,5.35,17.4,,,0.215,0.218,,,,,,,,,,,,,,,,,,,,,,84.6,15.4,,100.0,,,,,,,,54.7,45.2,,,,99.9,,0.0012722259853035212,0.026400983333587646
185,226,Rig,Neat,5.47,16.6,,,0.222,0.225,,,,,,,,,,,,,,,,,,,,,,84.6,15.4,,100.0,,,,,,,,54.9,45.0,,,,99.9,,0.0013106170808896422,0.023103535175323486
293,C61,,,,,,,0.5379999999999999,,-23.0,-22.0,0.37,12197.0,35480.0,59782.0,2.909,,,,,,100.0,,,,,,,,,,,,100.0,,,,,,,,100.0,,,,,100.0,,0.0015431809006258845,0.007832884788513184
201,Resin 1a,Rig,Neat,12.0,14.1,,,0.22899999999999998,0.23199999999999998,52.12,,,6217.0,15114.0,23853.0,2.431,3449.0,6561.0,9365.0,1.902,,,,,,,,,,,100.0,,,100.0,,,,,,,40.1,,,,59.9,,100.0,,0.0016342239687219262,0.04953712224960327
183,224,Rig,Neat,6.31,11.92,,,0.245,0.249,,,,,,,,,,,,,,,,,,,,,,84.3,15.7,,100.0,,,,,,,,57.5,42.4,,,,99.9,,0.001642855117097497,0.02849501371383667
193,240,Rig,Neat,14.6,9.69,,,0.36200000000000004,0.371,-40.98,,,8385.0,21665.0,33883.0,2.5839999999999996,,,,,100.0,,,,,,,,,,,,,100.0,,,,,,,,100.0,,,,,100.0,,0.001649791025556624,0.03544232249259949
164,184,Rig,Neat,5.56,32.96002159,,,0.258,0.262,,,,,,,,,,,,,,,,,,,,,,84.6,15.4,,100.0,,,,,,,55.4,,44.4,,,,100.0,,0.0017124958103522658,0.08403167128562927
230,Resin 8b,Rig,Neat,10.9,26.3,,,0.221,0.225,60.4,,,5338.0,18652.0,39763.0,3.4939999999999998,3084.0,7688.0,13816.0,2.4930000000000003,,,,,,,,,,,100.0,,,100.0,,,,,,,28.6,,19.4,3.4,48.6,,100.0,,0.002116492250934243,0.014903619885444641
134,154,Rig,Neat,11.8,9.309537112000001,,,0.256,0.26,,,,,,,,,,,,,,,,,,,,,,84.0,16.0,,100.0,,,,,,,59.5,,40.3,,,,99.8,,0.0021332716569304466,0.002269744873046875
179,204,Rig,Neat,5.17,18.5,,,0.23399999999999999,,70.61,,,7897.0,17280.0,29006.0,2.19,,,,,,,,,,,,,,,84.6,15.4,,100.0,,,,,,,56.2,,43.7,,,,100.0,,0.0023244544863700867,0.04553961753845215
267,C35,,,,,,,0.171,,80.0,109.0,0.77,4293.0,10234.0,22597.0,2.384,,,,,,,,,100.0,,,,,,,,,100.0,,,,,,,,,100.0,,,,100.0,,0.0024380385875701904,0.04093948006629944
135,155,Rig,Neat,8.13,10.28351818,,,0.307,0.314,,,,,,,,,,,,,,,,,,,,,,84.9,15.1,,100.0,,,,,,,59.5,,40.4,,,,100.0,,0.0024390241596847773,0.01471683382987976
181,222,Rig,Neat,5.6,19.23,,,0.221,0.22399999999999998,,,,,,,,,,,,,,,,,,,,,,84.8,15.2,,100.0,,,,,,,,54.9,44.9,,,,99.9,,0.002500449540093541,0.010625481605529785
210,Resin 3b,Rig,Neat,11.3,23.1,,,0.26,0.265,52.29,,,6561.0,21650.0,44843.0,3.3,3669.0,8756.0,15340.0,2.386,,,,,,,,,,,100.0,,,100.0,,,,,,,38.9,,,4.0,57.2,,100.0,,0.002530683297663927,0.009777426719665527
161,181,Rig,Neat,3.94,19.87244676,,,0.251,0.255,,,,,,,,,,,,,,,,,,,,,,84.6,15.4,,100.0,,,,,,,56.9,,43.1,,,,100.0,,0.0027024922892451286,0.004416525363922119
266,C34,,,,,,,0.649,,37.0,39.0,1.63,12064.0,55481.0,98127.0,4.599,,,,,,,,,100.0,,,,,,,,,100.0,,,,,,,,100.0,,,,,100.0,,0.0027110306546092033,0.04138290882110596
113,133,Kettle,A150ND,1.6,39.0,39,0,0.191,0.193,52.23,,,7058.0,18028.0,34830.0,2.5540000000000003,3788.0,7532.0,12482.0,1.9880000000000002,11.6,0.0,,,,,,,,,64.2,24.3,,100.0,,,,,,,,,,6.2,,93.8,99.9,,0.002783979522064328,0.06502647697925568
95,99,Kettle ,A150ND,1.5,36.0,36,0,0.218,0.221,77.77,,,8367.0,24839.0,53133.0,2.969,,,,,10.3,,,,,,,,,,,89.7,,100.0,,,,,,,,,,6.6,,93.4,100.0,,0.0028223348781466484,0.03987276554107666
249,C17,,,,,,,0.43700000000000006,,141.0,151.0,1.62,11129.0,43680.0,72941.0,3.925,,,,,,,,,,,,,,,100.0,,,100.0,,,,,,,,,100.0,,,,100.0,,0.0030255892779678106,0.10480326414108276
206,Resin 2b,Rig,Neat,11.9,12.2,,,0.295,0.301,54.49,,,7740.0,24860.0,48749.0,3.2119999999999997,4239.0,9893.0,16610.0,2.334,,,,,,,,,,,100.0,,,100.0,,,,,,,39.6,,,1.8,58.6,,100.0,,0.0031612548045814037,0.01268729567527771
63,67,Kettle,A150ND,6.02,17.0,5,12,0.22,0.223,92.63,,,8007.0,19288.0,32767.0,2.41,,,,,,,,,,,,,,,70.3,29.7,,100.0,,,,,,24.2,23.7,,51.0,1.1,,,100.0,,0.003309163497760892,0.007096603512763977
190,232,Rig,Neat,5.6,11.7,,,0.29,0.295,,,,,,,,,,,,,,,,,,,,,,85.0,15.0,,100.0,,,,,,,60.0,,40.0,,,,100.0,,0.003327901242300868,0.007361799478530884
240,C8,,,,,,,0.513,,196.0,213.0,0.11,21694.0,45741.0,70063.0,2.108,,,,,,,,,,,,,,,,100.0,,100.0,,,,,,,,,100.0,,,,100.0,,0.003708125092089176,0.18427816033363342
102,106,Kettle ,A150ND,4.6,28.0,28,0,0.442,0.455,65.55,,,11035.0,112649.0,632570.0,10.21,5902.0,32882.0,132423.0,5.571000000000001,,,,,,,,,,,70.2,29.8,,100.0,,,,,,,,92.8,,7.2,,,99.9,,0.0037441852036863565,0.035513073205947876
192,234,Rig,Neat,3.84,15.25,,,0.2965,0.30225,,,,,,,,,,,,,,,,,,,,,,85.0,15.0,,100.0,,,,,,,60.0,,40.0,,,,100.0,,0.0038659328129142523,0.010224491357803345
68,72,Kettle,A150ND,2.75,36.3,,,0.22,0.223,66.75,,,8146.0,19368.0,33311.0,2.38,,,,,,,,,30.6,,,,,,49.8,19.7,,100.0,,,,,,58.8,,,40.2,1.1,,,100.0,,0.0038738935254514217,0.0022039562463760376
67,71,Kettle,A150ND,4.0,22.0,5,17,0.222,0.225,91.7,,,8257.0,19735.0,33950.0,2.39,,,,,,,,,,,,,,,70.3,29.7,,100.0,,,,,,25.3,22.9,,50.7,1.1,,,100.0,,0.003937237896025181,0.005389213562011719
163,183,Rig,Neat,7.98,6.834204084,,,0.23,0.233,,,,,,,,,,,,,,,,,,,,,,84.7,15.3,,100.0,,,,,,,59.1,,40.8,,,,99.9,,0.004579395055770874,0.08146794140338898
81,85,Kettle,A150ND,3.9,22.0,6,16,0.26,0.264,31.91,,,9266.0,20637.0,32497.0,2.227,,,,,,29.1,,,,,,,,,70.9,,,100.0,,,,,,,,,45.3,,54.7,,100.0,,0.004773203749209642,0.027018696069717407
70,74,Kettle,A150ND,4.28,18.0,7,11,0.254,0.259,61.8,,,9512.0,23771.0,42261.0,2.5,,,,,,,,,30.6,,,,,,50.1,19.3,,100.0,,,,,,58.3,,,40.5,1.2,,,100.0,,0.004784717690199614,0.0040069520473480225
178,203,Rig,Neat,4.9,19.07076503,,,0.233,0.237,,,,,,,,,,,,,,,,,,,,,,84.6,15.4,,100.0,,,,,,,55.9,,44.0,,,,99.9,,0.005167797673493624,0.004117816686630249
284,C52,,,,,,,0.287,,38.0,44.0,1.32,6250.0,22656.0,52467.0,3.625,,,,,,,,,,,,100.0,,,,,,100.0,,,,,,,,100.0,,,,,100.0,,0.005250707734376192,0.04449343681335449
213,Resin 4a,Rig,Neat,8.4,43.0,,,0.23199999999999998,0.23600000000000002,48.24,,,6012.0,20882.0,48186.0,3.4730000000000003,3385.0,8426.0,16041.0,2.489,,,,,,,,,,,100.0,,,100.0,,,,,,,36.6,,,8.2,55.2,,100.0,,0.005401859059929848,0.0022667795419692993
58,62,Kettle,A150ND,4.75,22.2,,,0.24100000000000002,0.245,86.13,,,10135.0,29135.0,57278.0,2.87,,,,,,,,,,,,,,,85.0,15.0,,100.0,,,,,,,43.0,,45.0,2.0,10.0,,100.0,,0.005746945273131132,0.018672674894332886
283,C51,,,,,,,0.35700000000000004,,36.0,40.0,0.73,7736.0,31057.0,90572.0,4.015,,,,,,,,,,,,100.0,,,,,,100.0,,,,,,,100.0,,,,,,100.0,,0.005819270387291908,0.08888810873031616
232,Resin 8d,Rig,Neat,6.0,21.88,,,0.306,0.312,63.89,,,7930.0,34692.0,92882.0,4.375,4372.0,12861.0,27478.0,2.9419999999999997,,,,,,,,,,,100.0,,,100.0,,,,,,,28.9,,19.2,3.3,48.6,,100.0,,0.0058511849492788315,0.0024892687797546387
72,76,Kettle,A150ND,4.82,14.0,14,0,0.318,0.325,54.11,,,11553.0,27730.0,57074.0,2.4,,,,,,,,,,,,,,,79.5,19.6,0.9,100.0,,,,,,,37.4,,,,62.6,,100.0,,0.0067308456636965275,0.13579855859279633
255,C23,,,,,,,0.133,,41.0,59.0,2.37,3160.0,9304.0,18223.0,2.944,,,,,,,,,,,,,,100.0,,,,100.0,,,,,,100.0,,,,,,,100.0,,0.006807148922234774,0.09220141172409058
188,230,Rig,Neat,3.41,14.4,,,0.28800000000000003,0.293,,,,,,,,,,,,,,,,,,,,,,85.0,15.0,,100.0,,,,,,,60.0,,40.0,,,,100.0,,0.0068246908485889435,0.01995876431465149
257,C25,,,,,,,0.272,,11.0,14.0,3.13,4331.0,30164.0,112361.0,6.965,,,,,,,,,,,,,,100.0,,,,100.0,,,,,,,,100.0,,,,,100.0,,0.006953226402401924,0.03017684817314148
92,96,Kettle,A150ND,4.3,51.0,15,36,0.307,0.313,55.26,,,8264.0,42089.0,147946.0,5.093,,,,,15.7,,,,,,,,,,62.0,22.3,,100.0,,,,,,,28.0,,45.2,6.5,20.3,,100.0,,0.007684394717216492,0.06314939260482788
277,C45,,,,,,,0.507,,-11.0,-10.0,0.67,12917.0,52715.0,96716.0,4.081,,,,,,,,,,,100.0,,,,,,,100.0,,100.0,,,,,,,,,,,100.0,,0.007685351651161909,0.04975283145904541
112,132,Kettle,A150ND,3.6,44.0,44,0,0.213,0.21600000000000003,25.61,,,6600.0,20617.0,48794.0,3.1239999999999997,3629.0,8350.0,15948.0,2.301,30.3,,,,,,,,,,0.4,69.3,,100.0,,,,,,,,,,7.0,39.3,53.7,100.0,,0.00841137208044529,0.004601091146469116
165,185,Rig,Neat,1.97,34.69185684,,,0.365,0.374,,,,,,,,,,,,,,,,,,,,,,85.8,14.2,,100.0,,,,,,,54.4,,45.6,,,,99.9,,0.008654601871967316,0.13320724666118622
139,159,Rig,Neat,5.16,6.005015206,,,0.41100000000000003,0.42200000000000004,,,,,,,,,,,,,,,,,,,,,,84.6,15.4,,100.0,,,,,,,60.3,,39.5,,,,99.8,,0.008832872845232487,0.05301988124847412
286,C54,,,,,,,1.6,,-3.0,-3.0,14.27,2527.0,195574.0,1286138.0,1757.0,,,,,,,,,,,,100.0,,,,,,100.0,,100.0,,,,,,,,,,,100.0,,0.008865111507475376,0.9613528251647949
147,167,Rig,Neat,1.95,15.0009744,,,0.29600000000000004,0.301,,,,,,,,,,,,,,,,,,,,,,84.6,15.4,,100.0,,,,,,,57.0,,42.9,,,,99.9,,0.008983318693935871,0.030273526906967163
251,C19,,,,,,,0.13699999999999998,,26.0,39.0,2.7,2673.0,9960.0,24451.0,3.7260000000000004,,,,,,,,,,,,,,100.0,,,,100.0,100.0,,,,,,,,,,,,100.0,,0.00900737103074789,0.1385648548603058
158,178,Rig,Neat,2.92,19.04442814,,,0.254,0.258,,,,,,,,,,,,,,,,,,,,,,84.7,15.3,,100.0,,,,,,,55.8,,44.2,,,,100.0,,0.009364326484501362,0.01441451907157898
65,69,kettle,A150ND,5.4,11.0,2,9,0.353,0.361,,,,12356.0,35510.0,67536.0,2.87,,,,,,,,,,,,,,,70.4,29.6,,100.0,,,,,,,43.6,,44.8,1.1,10.5,,100.0,,0.009391586296260357,0.030962824821472168
4,5,Kettle,A150ND,2.1,26.0,4,21,0.26,,40.78,,,9272.0,21043.0,35057.0,2.27,,,,,29.4,,,,,,,,,,50.8,19.8,,100.0,,,,,,,48.4,,50.8,0.8,,,100.0,,0.009948660619556904,0.02726900577545166
238,C6,,,,,,,0.8059999999999999,,91.0,94.0,0.06,38161.0,81916.0,133542.0,2.147,,,,,,,,,,,,,,,,100.0,,100.0,,,,,,,100.0,,,,,,100.0,,0.010002856142818928,0.03392082452774048
260,C28,,,,,,,0.581,,13.0,15.0,1.38,14938.0,50062.0,82064.0,3.3510000000000004,,,,,,,,,100.0,,,,,,,,,100.0,100.0,,,,,,,,,,,,100.0,,0.010338036343455315,0.07012194395065308
79,83,Kettle,A150ND,3.23,19.0,5,14,0.569,0.591,36.75,,,13266.0,93058.0,412025.0,7.015,,,,,,28.6,,,,,,,,,71.4,,,100.0,,,,,,,,,46.5,2.5,51.0,,100.0,,0.01077554002404213,0.12499696016311646
211,Resin 3c,Rig,Neat,6.5,18.8,,,0.385,0.395,54.81,,,10205.0,45350.0,129448.0,4.444,5416.0,16113.0,36020.0,2.975,,,,,,,,,,,100.0,,,100.0,,,,,,,38.6,,,3.7,57.6,,100.0,,0.010877742432057858,0.005731642246246338
2,3,Kettle,A150ND,2.4,19.0,4,15,0.272,,84.04,,,9759.0,22358.0,37752.0,2.291,,,,,,,,,30.7,,,,,,49.7,19.7,,100.0,,,,,,,53.9,,45.4,0.7,,,100.0,,0.011791643686592579,0.007689625024795532
52,56,Kettle,A150ND,5.2,6.0,2,4,0.45399999999999996,0.46799999999999997,88.6,,,14998.0,50086.0,98897.0,3.34,9236.0,26502.0,48886.0,2.8689999999999998,,,,,,,,,,,70.2,29.8,,100.0,,,,,,,39.3,,39.3,0.7,20.6,,100.0,,0.01209919061511755,0.018640905618667603
94,98,Kettle,A150ND,2.5,40.0,15,26,0.281,0.28600000000000003,48.02,,,7910.0,36890.0,118054.0,4.664,,,,,,19.4,,,,,,,,,60.7,19.9,,100.0,,,,,,,27.5,,40.3,7.1,25.1,,100.0,,0.012200522236526012,0.08323657512664795
49,53,Kettle,A150ND,5.1,6.0,,,0.581,0.605,87.7,,,11495.0,37736.0,64688.0,3.283,7271.0,20380.0,33143.0,2.803,,,,,,,,,,,71.0,29.0,,100.0,,,,,10.0,,43.0,,45.6,1.4,,,100.0,,0.012265458703041077,0.12812095880508423
101,105,Kettle ,A150ND,4.4,35.0,35,0,0.305,0.311,55.58,,,8642.0,33774.0,87548.0,3.908,4644.0,12606.0,26216.0,2.714,5.1,,,,,,,,,,67.6,27.3,,100.0,,,,,,,,93.6,,6.4,,,100.0,,0.012636298313736916,0.022291719913482666
50,54,Kettle,A150ND,3.1,11.0,4,8,0.262,0.266,82.5,,,13681.0,27765.0,41246.0,2.029,8218.0,15331.0,21930.0,1.8659999999999999,,,,,,,,,,,70.5,29.5,,100.0,,,,,,,39.2,,40.0,,20.8,,100.0,,0.012653794139623642,0.06572005152702332
221,Resin 6a,Rig,Neat,4.6,17.95,,,0.539,0.5589999999999999,37.17,,,10818.0,97437.0,447888.0,9.007,5944.0,29665.0,99692.0,4.9910000000000005,,14.1,,,,,,,,,85.9,,,100.0,,,,,,,38.7,,,4.1,57.3,,100.0,,0.012681658379733562,0.02423536777496338
243,C11,,,,,,,0.256,,36.0,44.0,0.2,6654.0,16593.0,29149.0,2.494,,,,,,,,,,,,,,,100.0,,,100.0,,,100.0,,,,,,,,,,100.0,,0.013334049843251705,0.18117165565490723
173,198,Rig,Neat,2.72,10.14535568,,,0.348,0.35600000000000004,,,,,,,,,,,,,,,,,,,,,,84.6,15.4,,100.0,,,,,,,58.2,,41.6,,,,99.8,,0.013349447399377823,0.030369818210601807
234,C2,,,,,,,0.84,,45.0,54.0,1.05,7866.0,17842.0,28340.0,2.2680000000000002,,,,,,,,,,,,,,,,100.0,,100.0,,,100.0,,,,,,,,,,100.0,,0.013386523351073265,0.41108670830726624
111,131,Kettle,A150ND,2.3,47.0,47,0,0.242,0.24600000000000002,34.01,,,6442.0,17656.0,38113.0,2.741,3519.0,7361.0,13112.0,2.092,30.3,,,,,,,,,,0.6,69.1,,100.0,,,,,,,,,,6.5,19.0,74.4,100.0,,0.013599911704659462,0.023572266101837158
140,160,Rig,Neat,4.63,4.316456465,,,0.49700000000000005,0.514,,,,,,,,,,,,,,,,,,,,,,84.7,15.3,,100.0,,,,,,,60.7,,39.1,,,,99.7,,0.01365066971629858,0.07760703563690186
217,Resin 5a,Rig,Neat,6.3,17.5,,,0.424,0.436,56.52,,,10929.0,56224.0,184504.0,5.144,5811.0,19162.0,47833.0,3.298,,,,,,,,,,,85.9,14.1,,100.0,,,,,,,38.7,,,3.9,57.4,,100.0,,0.013964229263365269,0.006869107484817505
256,C24,,,,,,,0.419,,66.0,72.0,1.11,10700.0,33246.0,54695.0,3.1069999999999998,,,,,,,,,,,,,,100.0,,,,100.0,,,,,,,100.0,,,,,,100.0,,0.014379004947841167,0.1254461407661438
248,C16,,,,,,,0.601,,78.0,82.0,0.26,15710.0,50035.0,84468.0,3.185,,,,,,,,,,,,,,,100.0,,,100.0,,,,,,,,100.0,,,,,100.0,,0.015156382694840431,0.2693204879760742
239,C7,,,,,,,0.6940000000000001,,82.0,85.0,7.23,8697.0,70939.0,121653.0,8.157,,,,,,,,,,,,,,,,100.0,,100.0,,,,,,,,100.0,,,,,100.0,,0.015228500589728355,0.11055541038513184
225,Resin 7a,Rig,Neat,5.3,15.1,,,0.5710000000000001,0.593,30.21,,,7951.0,116309.0,601673.0,14.628,4774.0,34087.0,127298.0,7.14,16.0,,,,,,,,,,84.0,,,100.0,,,,,,,39.0,,,3.6,57.4,,100.0,,0.0171790923923254,0.017200946807861328
288,C56,,,,,,,0.504,,-57.0,-56.0,0.07,10406.0,30209.0,52615.0,2.903,,,,,,100.0,,,,,,,,,,,,100.0,,,100.0,,,,,,,,,,100.0,,0.017540032044053078,0.02092379331588745
279,C47,,,,,,,0.664,,4.0,5.0,4.82,6702.0,118041.0,747276.0,17.61,,,,,,,,,,,,100.0,,,,,,100.0,,,100.0,,,,,,,,,,100.0,,0.018283573910593987,0.08374345302581787
59,63,Kettle,A150ND,1.8,18.0,5,12,0.282,0.287,78.04,,,11586.0,29554.0,54057.0,2.551,,,,,,,,,,,,,,,85.0,15.0,,100.0,,,,,,,,,50.0,2.0,48.0,,100.0,,0.018343456089496613,0.06408745050430298
263,C31,,,,,,,0.6509999999999999,,-28.0,-27.0,2.23,10130.0,46638.0,81184.0,4.604,,,,,,,,,100.0,,,,,,,,,100.0,,,,,100.0,,,,,,,,100.0,,0.01959109678864479,0.1050499677658081
270,C38,,,,,,,0.6729999999999999,,-3.0,-2.0,0.21,15073.0,68358.0,178310.0,4.535,,,,,,,,,,,100.0,,,,,,,100.0,,,100.0,,,,,,,,,,100.0,,0.019887138158082962,0.03785133361816406
69,73,Kettle,A150ND,1.05,,,,0.314,0.321,45.99,,,11881.0,28564.0,49556.0,2.4,,,,,31.1,,,,,,,,,,49.5,19.4,,100.0,,,,,,,47.7,,51.4,0.9,,,100.0,,0.020745834335684776,0.018997550010681152
88,92,Kettle,A150ND,2.6,16.0,5,10,0.45299999999999996,0.467,36.3,,,14223.0,46627.0,103288.0,3.278,,,,,,29.1,,,,,,,,,70.9,,,100.0,,,,,,,,,45.1,1.1,54.2,,100.0,,0.02097782865166664,0.06333762407302856
166,186,Rig,Neat,1.48,16.93194574,,,0.608,0.634,,,,,,,,,,,,,,,,,,,,,,81.0,19.0,,100.0,,,,,,,57.6,,42.2,,,,100.0,,0.021423308178782463,0.33321765065193176
75,79,Kettle,A150ND,0.69,27.0,12,14,0.231,0.235,32.26,,,7958.0,20109.0,37887.0,2.5269999999999997,,,,,,28.5,,,,,,,,,71.5,,,100.0,,,,,,,,,46.1,1.1,52.8,,100.0,,0.021771976724267006,0.037691354751586914
76,80,Kettle,A150ND,0.83,31.0,14,17,0.24600000000000002,0.25,33.26,,,8429.0,23976.0,50179.0,2.844,,,,,,29.0,,,,,,,,,71.0,,,100.0,,,,,,,,,45.9,2.5,51.6,,100.0,,0.024963747709989548,0.02867986261844635
220,Resin 5d,Rig,Neat,5.5,13.8,,,0.757,0.7979999999999999,58.74,,,13773.0,202810.0,1300172.0,14.725,7335.0,53303.0,246445.0,7.267,,,,,,,,,,,86.5,13.5,,100.0,,,,,,,38.9,,,4.0,57.1,,100.0,,0.02546525001525879,0.14373451471328735
290,C58,,,,,,,0.8,,-60.0,-60.0,1.92,16267.0,55003.0,96627.0,3.3810000000000002,,,,,,100.0,,,,,,,,,,,,100.0,,,,,100.0,,,,,,,,100.0,,0.026408102363348007,0.14551007747650146
200,247,Rig,Neat,0.8,9.4,,,0.251,0.255,-43.66,,,12298.0,35064.0,55339.0,2.8510000000000004,,,,,100.0,,,,,,,,,,,,,100.0,,,,,,,100.0,,,,,,100.0,,0.026450835168361664,0.2600594758987427
289,C57,,,,,,,0.789,,-59.0,-59.0,0.52,15715.0,56039.0,101794.0,3.5660000000000003,,,,,,100.0,,,,,,,,,,,,100.0,,,,100.0,,,,,,,,,100.0,,0.027326496317982674,0.07922160625457764
170,194,Rig,Neat,1.23,16.06347317,,,0.298,0.304,,,,,,,,,,,,,,,,,,,,,,84.9,15.1,,100.0,,,,,,,58.8,,41.1,,,,0.0,,0.02734629064798355,0.019596397876739502
218,Resin 5b,Rig,Neat,4.0,17.6,,,0.594,0.619,57.11,,,13298.0,124138.0,654639.0,9.335,6969.0,35992.0,136598.0,5.165,,,,,,,,,,,88.0,12.0,,100.0,,,,,,,38.6,,,4.0,57.4,,100.0,,0.027480440214276314,0.09310078620910645
110,130,Kettle,A150ND,2.8,46.0,14,32,0.368,0.377,61.14,,,8847.0,58632.0,258461.0,6.627000000000001,4812.0,19348.0,62048.0,4.021,10.0,,,,,,,,,,65.0,25.0,,100.0,,,,,,,27.7,,45.3,6.7,20.2,,99.9,,0.027577796950936317,0.06900656223297119
253,C21,,,,,,,0.096,,-5.0,17.0,2.07,2132.0,4397.0,7172.0,2.062,,,,,,,,,,,,,,100.0,,,,100.0,,,,100.0,,,,,,,,,100.0,,0.027654847130179405,0.1114865392446518
271,C39,,,,,,,0.93,,-12.0,-11.0,1.37,17949.0,88424.0,163180.0,4.926,,,,,,,,,,,100.0,,,,,,,100.0,,,,100.0,,,,,,,,,100.0,,0.027768421918153763,0.09219664335250854
56,60,Kettle,A150ND,3.6,11.0,3,8,0.485,0.501,96.36,,,14481.0,71388.0,219671.0,4.93,,,,,,,,,,,,,,,85.5,14.5,,100.0,,,,,,,47.8,,45.2,2.2,4.8,,100.1,,0.028249287977814674,0.0072335004806518555
264,C32,,,,,,,0.643,,17.0,18.0,0.49,24928.0,65814.0,112367.0,2.64,,,,,,,,,100.0,,,,,,,,,100.0,,,,,,100.0,,,,,,,100.0,,0.028753722086548805,0.009458482265472412
93,97,Kettle,A150ND,3.4,42.0,10,32,0.35600000000000004,0.365,80.2,,,9964.0,81311.0,309581.0,8.16,,,,,5.2,,,,,,,,,,67.5,27.3,,100.0,,,,,,,38.4,,45.1,6.6,9.9,,100.0,,0.029413485899567604,0.021609336137771606
138,158,Rig,Neat,4.2,4.331859907,,,0.475,0.491,,,,,,,,,,,,,,,,,,,,,,84.4,15.6,,100.0,,,,,,,61.0,,38.7,,,,99.8,,0.03109069913625717,0.028349488973617554
45,49,Kettle,A150ND,3.7,2.0,1,1,0.628,0.655,89.7,,,17751.0,38228.0,57542.0,2.154,8421.0,14564.0,,,,,,,,,,,,,71.0,29.0,,100.0,,,,,10.0,,45.0,,22.8,,,22.5,100.0,,0.031091468408703804,0.046665072441101074
162,182,Rig,Neat,1.48,10.95269937,,,0.17600000000000002,0.17800000000000002,,,,,,,,,,,,,,,,,,,,,,84.6,15.4,,100.0,,,,,,,58.2,,41.8,,,,99.8,,0.033256322145462036,0.18676131963729858
47,51,Kettle,A150ND,3.5,5.0,,,0.44,0.45299999999999996,100.5,,,18758.0,40533.0,,2.161,11125.0,21884.0,,1.9669999999999999,,,,,,,,,,,70.0,30.0,,100.0,,,,,,,45.3,,44.4,,10.3,,100.0,,0.03363066539168358,0.04594379663467407
294,C62,,,,,,,0.35700000000000004,,-8.0,-6.0,0.3,10700.0,29199.0,52228.0,2.7289999999999996,,,,,,100.0,,,,,,,,,,,,100.0,,,,,,,,,100.0,,,,100.0,,0.03408139944076538,0.06618991494178772
226,Resin 7b,Rig,Neat,7.1,14.7,,,0.513,0.531,29.5,,,10603.0,94705.0,441385.0,8.932,5814.0,28951.0,97912.0,4.98,16.0,,,,,,,,,,84.0,,,100.0,,,,,,,39.3,,,3.6,57.1,,100.0,,0.034708499908447266,0.031179845333099365
208,Resin 2d,Rig,Neat,5.6,6.3,,,0.8029999999999999,0.853,59.54,,,16715.0,175661.0,834500.0,10.509,8695.0,48777.0,170522.0,5.61,,,,,,,,,,,100.0,,,100.0,,,,,,,39.8,,,1.8,58.4,,100.0,,0.036315299570560455,0.08750498294830322
84,88,Kettle,A150ND,1.23,22.0,10,13,0.41700000000000004,0.429,35.03,,,11841.0,59662.0,230123.0,5.039,,,,,,29.2,,,,,,,,,70.8,,,100.0,,,,,,,,,45.6,2.5,51.9,,100.0,,0.037834346294403076,0.026433169841766357
149,169,Rig,Neat,0.94,7.632689544,,,0.445,0.45899999999999996,,,,,,,,,,,,,,,,,,,,,,84.3,15.7,,100.0,,,,,,,58.8,,41.0,,,,100.0,,0.039537448436021805,0.03391611576080322
53,57,Kettle,A150ND,5.4,4.0,1,3,0.527,0.546,90.3,,,14628.0,66551.0,139460.0,4.55,9308.0,34575.0,67269.0,3.715,,,,,,,,,,,85.2,14.8,,100.0,,,,,,,44.9,,44.6,0.4,10.1,,100.1,,0.04089239612221718,0.07620519399642944
97,101,Kettle ,A150ND,1.5,36.0,36,0,0.26,0.264,60.13,,,8363.0,24229.0,54351.0,2.897,,,,,20.0,,,,,,,,,,,80.0,,100.0,,,,,,,,,,5.8,,94.2,100.0,,0.04639415815472603,0.007185816764831543
252,C20,,,,,,,0.139,,10.0,21.0,2.01,2679.0,9195.0,23516.0,3.432,,,,,,,,,,,,,,100.0,,,,100.0,,,100.0,,,,,,,,,,100.0,,0.047787971794605255,0.08131128549575806
196,243,Rig,Neat,0.9,5.2,,,0.23199999999999998,0.23600000000000002,-42.99,,,13165.0,34544.0,53986.0,2.6239999999999997,,,,,100.0,,,,,,,,,,,,,100.0,,,,,,,,100.0,,,,,100.0,,0.05996356159448624,0.2561367452144623
275,C43,,,,,,,0.65,,42.0,44.0,0.59,15730.0,56961.0,102418.0,3.6210000000000004,,,,,,,,,,,100.0,,,,,,,100.0,,,,,,,,100.0,,,,,100.0,,0.0852825790643692,0.0626022219657898
148,168,Rig,Neat,0.7,9.348218701,,,0.376,0.386,,,,,,,,,,,,,,,,,,,,,,84.6,15.4,,100.0,,,,,,,58.2,,41.7,,,,99.8,,0.08961319923400879,0.04570159316062927
89,93,Kettle,A150ND,0.7,22.0,10,12,0.342,0.35,35.5,,,13145.0,38824.0,81571.0,2.9539999999999997,,,,,,29.1,,,,,,,,,70.9,,,100.0,,,,,,,,,45.8,0.7,53.5,,100.0,,0.08975441008806229,0.09388419985771179
281,C49,,,,,,,0.615,,-24.0,-23.0,1.64,13481.0,68476.0,218556.0,5.079,,,,,,,,,,,,100.0,,,,,,100.0,,,,,100.0,,,,,,,,100.0,,0.09015295654535294,0.045428693294525146
96,100,Kettle,A150ND,1.0,37.0,37,0,0.265,0.27,50.82,,,8435.0,24701.0,52909.0,2.928,,,,,30.1,,,,,,,,,,,69.9,,100.0,,,,,,,,,,6.1,,93.9,100.0,,0.09181998670101166,0.015329301357269287
278,C46,,,,,,,0.619,,25.0,26.0,7.34,4953.0,131365.0,910733.0,26.52,,,,,,,,,,,,100.0,,,,,,100.0,100.0,,,,,,,,,,,,100.0,,0.10419908910989761,0.059783101081848145
261,C29,,,,,,,0.504,,-2.0,0.0,0.67,5736.0,29382.0,53427.0,5.122000000000001,,,,,,,,,100.0,,,,,,,,,100.0,,,100.0,,,,,,,,,,100.0,,0.10457322746515274,0.06995266675949097
292,C60,,,,,,,0.5870000000000001,,-21.0,-20.0,0.14,14409.0,38227.0,65339.0,2.653,,,,,,100.0,,,,,,,,,,,,100.0,,,,,,,100.0,,,,,,100.0,,0.10942671447992325,0.019311189651489258
274,C42,,,,,,,0.63,,42.0,45.0,1.39,14439.0,50602.0,86850.0,3.505,,,,,,,,,,,100.0,,,,,,,100.0,,,,,,,100.0,,,,,,100.0,,0.11963275820016861,0.004312455654144287
291,C59,,,,,,,0.584,,-44.0,-43.0,0.73,13621.0,45044.0,76035.0,3.307,,,,,,100.0,,,,,,,,,,,,100.0,,,,,,100.0,,,,,,,100.0,,0.13754655420780182,0.11330550909042358
244,C12,,,,,,,0.773,,16.0,17.0,0.79,10805.0,69275.0,137066.0,6.4110000000000005,,,,,,,,,,,,,,,100.0,,,100.0,,,,100.0,,,,,,,,,100.0,,0.14406472444534302,0.05605578422546387
272,C40,,,,,,,0.782,,-28.0,-27.0,0.65,19663.0,68249.0,128605.0,3.471,,,,,,,,,,,100.0,,,,,,,100.0,,,,,100.0,,,,,,,,100.0,,0.1710149496793747,0.02188974618911743
233,C1,,,,,,,0.47600000000000003,,78.0,83.0,0.71,18776.0,47381.0,74116.0,2.523,,,,,,,,,,,,,,,,100.0,,100.0,100.0,,,,,,,,,,,,100.0,,0.1844426691532135,0.32421350479125977
254,C22,,,,,,,0.478,,-8.0,-6.0,2.59,5374.0,38933.0,70763.0,7.245,,,,,,,,,,,,,,100.0,,,,100.0,,,,,100.0,,,,,,,,100.0,,0.20267848670482635,0.07415607571601868
235,C3,,,,,,,0.769,,32.0,34.0,0.21,28685.0,71407.0,112093.0,2.489,,,,,,,,,,,,,,,,100.0,,100.0,,,,100.0,,,,,,,,,100.0,,0.2156597524881363,0.1582849621772766
268,C36,,,,,,,0.503,,-12.0,-10.0,0.79,12351.0,37777.0,61972.0,3.0589999999999997,,,,,,,,,100.0,,,,,,,,,100.0,,100.0,,,,,,,,,,,100.0,,0.25714823603630066,0.05884164571762085
273,C41,,,,,,,0.912,,19.0,20.0,1.36,20137.0,118232.0,254858.0,5.871,,,,,,,,,,,100.0,,,,,,,100.0,,,,,,100.0,,,,,,,100.0,,0.2620382308959961,0.28299427032470703
3,4,Kettle,A150ND,2.3,22.0,6,16,0.257,,33.51,,,9191.0,22516.0,39012.0,2.45,,,,,29.9,,,,,,,,,,50.2,19.9,,100.0,,,,,,47.4,,,51.6,1.0,,,100.0,,0.2654555141925812,0.009766951203346252
198,245,Rig,Neat,0.6,3.03,,,0.5379999999999999,0.5579999999999999,-38.63,,,4848.0,11739.0,20061.0,2.421,,,,,100.0,,,,,,,,,,,,,100.0,,,,,,,100.0,,,,,,100.0,,0.31862953305244446,0.042084455490112305
199,246,Rig,Neat,0.5,4.6,,,0.369,0.37799999999999995,-40.86,,,3668.0,7775.0,12242.0,2.12,,,,,100.0,,,,,,,,,,,,,100.0,,,,,,,100.0,,,,,,100.0,,0.32134613394737244,0.02874279022216797
118,138,Rig,Neat,23.79,32.35845164,,,0.132,0.133,,,,,,,,,,,,,,,,,,,,,,84.4,15.6,,100.0,,,,,,,,57.7,42.0,,,,99.9,,0.368464857339859,0.0031782686710357666
237,C5,,,,,,,0.9670000000000001,,76.0,78.0,1.9,21478.0,122592.0,200397.0,5.707999999999999,,,,,,,,,,,,,,,,100.0,,100.0,,,,,,100.0,,,,,,,100.0,,0.36970558762550354,0.13743919134140015
236,C4,,,,,,,0.8079999999999999,,14.0,15.0,0.19,30370.0,75639.0,118934.0,2.491,,,,,,,,,,,,,,,,100.0,,100.0,,,,,100.0,,,,,,,,100.0,,0.3698016107082367,0.1898130178451538
132,152,Rig,Neat,25.99,24.90016034,,,0.154,0.155,,,,,,,,,,,,,,,,,,,,,,84.6,15.4,,100.0,,,,,,,58.3,,41.5,,,,99.9,,0.3981230854988098,0.002264544367790222
142,162,Rig,Neat,17.38,31.37452689,,,0.151,0.152,,,,,,,,,,,,,,,,,,,,,,84.6,15.4,,100.0,,,,,,,54.4,,45.2,,,,99.9,,0.4560851752758026,0.001979142427444458
128,148,Rig,Neat,14.54,35.54639003,,,0.159,0.16,,,,,,,,,,,,,,,,,,,,,,84.3,15.7,,100.0,,,,,,,,55.5,44.4,,,,99.9,,0.47360506653785706,0.016051337122917175
129,149,Rig,Neat,13.37,30.94362947,,,0.166,0.168,,,,,,,,,,,,,,,,,,,,,,84.5,15.5,,100.0,,,,,,,,55.6,44.2,,,,99.7,,0.5296638607978821,0.012164369225502014
125,145,Rig,Neat,16.04,21.56620657,,,0.177,0.179,,,,,,,,,,,,,,,,,,,,,,84.5,15.5,,100.0,,,,,,,,56.3,43.5,,,,99.6,,0.55892014503479,0.00457550585269928
144,164,Rig,Neat,11.99,27.66887392,,,0.183,0.18600000000000003,,,,,,,,,,,,,,,,,,,,,,84.4,15.6,,100.0,,,,,,,55.7,,44.0,,,,99.4,,0.6015570759773254,0.014423489570617676
171,196,Rig,Neat,13.09,24.47792397,,,0.191,0.193,,,,,,,,,,,,,,,,,,,,,,84.6,15.4,,100.0,,,,,,,56.1,,43.8,,,,99.9,,0.6035996079444885,0.016642123460769653
150,170,Rig,Neat,11.02,29.18827165,,,0.184,0.187,,,,,,,,,,,,,,,,,,,,,,84.5,15.5,,100.0,,,,,,,56.1,,43.9,,,,99.9,,0.6174932718276978,0.01640699803829193
229,Resin 8a,Rig,Neat,14.6,34.21,,,0.17,0.172,57.71,,,4014.0,11470.0,22130.0,2.8569999999999998,2373.0,5113.0,8497.0,2.155,,,,,,,,,,,100.0,,,100.0,,,,,,,28.4,,19.7,3.6,48.3,,100.0,,0.6825398802757263,0.013467758893966675
177,202,Rig,Neat,6.67,22.93757929,,,0.213,0.21600000000000003,,,,,,,,,,,,,,,,,,,,,,84.6,15.4,,100.0,,,,,,,55.4,,44.5,,,,99.9,,0.9285910725593567,0.00910179316997528
83,87,Kettle,A150ND,7.72,23.0,6,17,0.218,0.222,30.5,,,7142.0,16301.0,29971.0,2.282,,,,,,29.1,,,,,,,,,70.9,,,100.0,,,,,,,,,45.3,,54.7,,100.0,,0.962657630443573,0.025765076279640198
182,223,Rig,Neat,5.46,21.51,,,0.20199999999999999,0.204,,,,,,,,,,,,,,,,,,,,,,84.6,15.4,,100.0,,,,,,,,54.5,45.3,,,,99.9,,1.0634679794311523,0.01036234200000763
168,192,Rig,Neat,5.56,21.15803443,,,0.22399999999999998,0.228,,,,,,,,,,,,,,,,,,,,,,84.6,15.4,,100.0,,,,,,,57.1,,42.7,,,,99.8,,1.0733028650283813,0.005676686763763428
186,227,Rig,Neat,5.26,17.6,,,0.217,0.22,,,,,,,,,,,,,,,,,,,,,,84.3,15.7,,100.0,,,,,,,,55.0,44.9,,,,99.9,,1.1907693147659302,0.015366807579994202
175,200,Rig,Neat,4.55,19.83959448,,,0.23399999999999999,0.237,,,,,,,,,,,,,,,,,,,,,,84.7,15.3,,100.0,,,,,,,56.2,,43.7,,,,99.9,,1.2455388307571411,0.000985175371170044
205,Resin 2a,Rig,Neat,11.8,14.8,,,0.264,0.26899999999999996,53.78,,,6941.0,20766.0,38505.0,2.992,3843.0,8514.0,13714.0,2.215,,,,,,,,,,,100.0,,,100.0,,,,,,,39.8,,,1.9,58.3,,100.0,,1.3217955827713013,0.0011947154998779297
202,Resin 1b,Rig,Neat,11.9,10.6,,,0.256,0.26,53.33,,,6651.0,17614.0,28643.0,2.648,3692.0,7464.0,10883.0,2.022,,,,,,,,,,,100.0,,,100.0,,,,,,,40.8,,,,59.2,,100.0,,1.3379237651824951,0.014088034629821777
176,201,Rig,Neat,4.56,16.701781,,,0.257,0.262,,,,,,,,,,,,,,,,,,,,,,84.6,15.4,,100.0,,,,,,,57.2,,42.6,,,,99.9,,1.3447046279907227,0.006921350955963135
189,231,Rig,Neat,3.75,20.7,,,0.302,0.308,,,,,,,,,,,,,,,,,,,,,,85.0,15.0,,100.0,,,,,,,60.0,,40.0,,,,100.0,,1.3718061447143555,0.06435908377170563
160,180,Rig,Neat,3.59,21.50671606,,,0.239,0.243,,,,,,,,,,,,,,,,,,,,,,84.9,15.1,,100.0,,,,,,,55.8,,44.2,,,,100.0,,1.3834129571914673,0.003111541271209717
276,C44,,,,,,,0.23800000000000002,,76.0,89.0,0.48,7199.0,18022.0,31590.0,2.503,,,,,,,,,,,100.0,,,,,,,100.0,,,,,,,,,100.0,,,,100.0,,1.4145838022232056,0.07067719101905823
159,179,Rig,Neat,3.44,21.50671606,,,0.242,0.245,,,,,,,,,,,,,,,,,,,,,,84.9,15.1,,100.0,,,,,,,55.8,,44.2,,,,100.0,,1.4195497035980225,0.0041672587394714355
265,C33,,,,,,,0.636,,42.0,45.0,0.23,16587.0,49962.0,86005.0,3.012,,,,,,,,,100.0,,,,,,,,,100.0,,,,,,,100.0,,,,,,100.0,,1.5243667364120483,0.07749944925308228
259,C27,,,,,,,0.259,,10.0,15.0,1.78,6251.0,19029.0,32024.0,3.0439999999999996,,,,,,,,,,,,,,100.0,,,,100.0,,100.0,,,,,,,,,,,100.0,,1.7483726739883423,0.022866249084472656
109,129,Kettle,A150ND,7.28,15.0,4,11,0.349,0.35700000000000004,35.54,,,9215.0,26617.0,49602.0,2.888,4879.0,10528.0,16985.0,2.158,,29.9,,,,,,,,,70.1,,,100.0,,,,,,,,,45.7,0.9,53.4,,99.9,,1.8879318237304688,0.029629826545715332
287,C55,,,,,,,0.67,,-45.0,-44.0,1.29,10283.0,47245.0,82050.0,4.593999999999999,,,,,,100.0,,,,,,,,,,,,100.0,100.0,,,,,,,,,,,,100.0,,1.8982055187225342,0.17560237646102905
82,86,Kettle,A150ND,5.7,24.0,8,16,0.29100000000000004,0.297,33.25,,,9668.0,26776.0,49923.0,2.77,,,,,,29.1,,,,,,,,,70.9,,,100.0,,,,,,,,,45.4,1.0,53.6,,100.0,,1.9250363111495972,0.02095794677734375
191,233,Rig,Neat,2.61,14.2,,,0.306,0.313,,,,,,,,,,,,,,,,,,,,,,85.0,15.0,,100.0,,,,,,,60.0,,40.0,,,,100.0,,2.0194754600524902,0.008296221494674683
55,59,Kettle,A150ND,5.3,10.6,,,0.42,0.43200000000000005,,,,,,,,,,,,,,,,,,,,,,85.0,15.0,,100.0,,,,,,,44.0,,45.0,1.0,10.0,,100.0,,2.0461294651031494,0.08218610286712646
269,C37,,,,,,,0.746,,10.0,11.0,6.13,6826.0,80550.0,155611.0,11.8,,,,,,,,,,,100.0,,,,,,,100.0,100.0,,,,,,,,,,,,100.0,,2.0841894149780273,0.1382761001586914
106,126,Kettle,A150ND,4.29,29.0,9,19,0.24600000000000002,0.25,31.94,,,7122.0,17137.0,31321.0,2.406,,,,,,29.2,,,,,,,,,70.8,,,100.0,,,,,,,,,46.7,0.7,52.6,,100.1,,2.104462146759033,0.026477664709091187
262,C30,,,,,,,0.614,,-12.0,-11.0,0.61,8337.0,40768.0,74910.0,4.89,,,,,,,,,100.0,,,,,,,,,100.0,,,,100.0,,,,,,,,,100.0,,2.111721992492676,0.014611005783081055
203,Resin 1c,Rig,Neat,11.4,4.8,,,0.306,0.312,55.92,,,8940.0,22812.0,35843.0,2.552,4744.0,9328.0,13271.0,1.966,,,,,,,,,,,100.0,,,100.0,,,,,,,41.7,,,,58.3,,100.0,,2.1552155017852783,0.1059340238571167
57,61,Kettle,A150ND,5.6,11.0,4,8,0.41200000000000003,0.424,89.97,,,13444.0,58562.0,157612.0,4.356,8304.0,30417.0,74285.0,3.6630000000000003,,,,,,,,,,,85.5,14.5,,100.0,,,,,,,43.2,,50.4,1.7,4.8,,100.0,,2.338610887527466,0.0024691224098205566
207,Resin 2c,Rig,Neat,8.4,9.1,,,0.41700000000000004,0.429,56.57,,,10965.0,44409.0,107497.0,4.05,5813.0,16028.0,31386.0,2.7569999999999997,,,,,,,,,,,100.0,,,100.0,,,,,,,39.8,,,1.8,58.4,,100.0,,2.433636426925659,0.011548280715942383
280,C48,,,,,,,0.607,,-8.0,-7.0,4.2,5836.0,86128.0,443846.0,14.76,,,,,,,,,,,,100.0,,,,,,100.0,,,,100.0,,,,,,,,,100.0,,2.5379648208618164,0.17041653394699097
282,C50,,,,,,,0.183,,24.0,31.0,1.61,4781.0,17268.0,50668.0,3.612,,,,,,,,,,,,100.0,,,,,,100.0,,,,,,100.0,,,,,,,100.0,,2.6088058948516846,0.24375969171524048
194,241,Rig,Neat,9.7,6.8,,,0.435,0.447,-40.55,,,10311.0,27744.0,43487.0,2.6910000000000003,,,,,100.0,,,,,,,,,,,,,100.0,,,,,,,,100.0,,,,,100.0,,2.655954360961914,0.08879852294921875
48,52,Kettle,A150ND,5.6,8.0,1,7,0.639,0.667,83.8,,,15151.0,50054.0,116318.0,3.304,9161.0,26356.0,56342.0,2.877,,,,,,,,,,,71.4,28.6,,100.0,,,,,10.0,,42.6,,45.9,1.5,,,100.0,,2.6775600910186768,0.17885088920593262
250,C18,,,,,,,0.716,,21.0,23.0,0.91,14638.0,59280.0,110243.0,4.05,,,,,,,,,,,,,,,100.0,,,100.0,,100.0,,,,,,,,,,,100.0,,2.7878811359405518,0.3112959563732147
108,128,Kettle,A150ND,4.3,18.0,7,11,0.258,0.263,31.76,,,9738.0,28428.0,65723.0,2.9189999999999996,5077.0,11043.0,20394.0,2.175,,29.8,,,,,,,,,70.2,,,100.0,,,,,,,,,45.3,1.0,53.7,,100.0,,2.8715217113494873,0.06167683005332947
61,65,Kettle,A150ND,4.6,15.0,4,11,0.266,0.271,78.89,,,9800.0,25362.0,45474.0,2.59,,,,,,,,,,,,,,,70.0,30.0,,100.0,,,,,,,,,50.0,2.0,48.0,,100.0,,3.040987968444824,0.04656127095222473
204,Resin 1d,Rig,Neat,6.3,4.7,,,0.39799999999999996,0.408,56.23,,,12457.0,33155.0,51900.0,2.662,6384.0,12848.0,18189.0,2.013,,,,,,,,,,,100.0,,,100.0,,,,,,,40.7,,,,59.3,,100.0,,3.3946738243103027,0.12275826930999756
167,187,Rig,Neat,1.31,14.20572079,,,0.512,0.53,,,,,,,,,,,,,,,,,,,,,,84.0,16.0,,100.0,,,,,,,57.9,,42.1,,,,100.0,,3.6295173168182373,0.18997737765312195
247,C15,,,,,,,0.6559999999999999,,77.0,81.0,2.45,9965.0,49542.0,86253.0,4.9719999999999995,,,,,,,,,,,,,,,100.0,,,100.0,,,,,,,100.0,,,,,,100.0,,3.7933762073516846,0.12942326068878174
241,C9,,,,,,,0.645,,21.0,23.0,3.11,13334.0,62276.0,99375.0,4.67,,,,,,,,,,,,,,,,100.0,,100.0,,100.0,,,,,,,,,,,100.0,,4.170034408569336,0.2079874873161316
60,64,Kettle,A150ND,4.4,20.0,6,14,0.214,0.217,68.45,,,8436.0,21188.0,40451.0,2.51,,,,,,,,,,,,,,,70.0,30.0,,100.0,,,,,,48.0,,,50.0,2.0,,,100.0,,4.453594207763672,0.05317501723766327
51,55,Kettle,A150ND,3.2,3.0,1,2,0.518,0.537,91.6,,,21342.0,51046.0,79399.0,2.392,10044.0,18608.0,26072.0,1.8530000000000002,,,,,,,,,,,71.1,28.9,,100.0,,,,,,,39.4,,39.6,,21.0,,99.9,,4.581937789916992,0.10366177558898926
74,78,Kettle,A150ND,1.3,16.0,7,9,0.265,0.26899999999999996,32.55,,,9279.0,22183.0,43712.0,2.391,,,,,,28.2,,,,,,,,,71.8,,,100.0,,,,,,,,,54.3,,45.7,,100.0,,5.185011863708496,0.03831067681312561
215,Resin 4c,Rig,Neat,4.2,33.87,,,0.457,0.47100000000000003,53.51,,,10015.0,93552.0,507240.0,9.341000000000001,5400.0,28188.0,109594.0,5.22,,,,,,,,,,,100.0,,,100.0,,,,,,,36.3,,,8.3,55.3,,100.0,,7.43663215637207,0.01796889305114746
195,242,Rig,Neat,2.6,7.49,,,0.456,0.47,-41.12,,,16174.0,46541.0,73754.0,2.878,,,,,100.0,,,,,,,,,,,,,100.0,,,,,,,,100.0,,,,,100.0,,9.046527862548828,0.009005218744277954
146,166,Rig,Neat,24.94,39.33963516,,,0.129,0.13,,,,,,,,,,,,,,,,,,,,,,84.5,15.5,,100.0,,,,,,,52.3,,47.2,,,,99.9,,35.60283279418945,0.00455842912197113
126,146,Rig,Neat,21.67,35.12050964,,,0.136,0.13699999999999998,,,,,,,,,,,,,,,,,,,,,,84.5,15.5,,100.0,,,,,,,,54.1,45.5,,,,99.9,,37.830604553222656,0.00891028344631195
141,161,Rig,Neat,21.13,34.41097379,,,0.136,0.13699999999999998,,,,,,,,,,,,,,,,,,,,,,84.4,15.6,,100.0,,,,,,,56.0,,43.8,,,,99.6,,37.95640182495117,0.0012681186199188232
127,147,Rig,Neat,17.35,34.84174679,,,0.14400000000000002,0.145,,,,,,,,,,,,,,,,,,,,,,84.3,15.7,,100.0,,,,,,,,55.2,44.6,,,,99.9,,39.68216323852539,0.010394185781478882
133,153,Rig,Neat,24.99,24.69968848,,,0.159,0.161,,,,,,,,,,,,,,,,,,,,,,83.8,16.3,,100.0,,,,,,,58.6,,41.3,,,,99.9,,40.03493118286133,0.013983383774757385
123,143,Rig,Neat,18.9,29.53147537,,,0.14800000000000002,0.14800000000000002,,,,,,,,,,,,,,,,,,,,,,84.5,15.5,,100.0,,,,,,,,56.4,43.3,,,,99.7,,40.6908073425293,0.009457916021347046
156,176,Rig,Neat,20.14,27.45038619,,,0.157,0.159,,,,,,,,,,,,,,,,,,,,,,84.4,15.6,,100.0,,,,,,,56.0,,43.7,,,,99.6,,41.987213134765625,0.010355189442634583
78,82,Kettle,A150ND,7.7,27.0,8,19,0.19899999999999998,0.201,29.34,,,6719.0,14098.0,23749.0,2.0980000000000003,,,,,,29.2,,,,,,,,,70.8,,,100.0,,,,,,,,,44.7,,55.3,,100.0,,45.053504943847656,0.025240913033485413
157,177,Rig,Neat,16.82,24.39823369,,,0.174,0.17600000000000002,,,,,,,,,,,,,,,,,,,,,,84.6,15.4,,100.0,,,,,,,56.1,,43.5,,,,100.0,,46.034400939941406,0.01557949185371399
143,163,Rig,Neat,13.08,32.83096351,,,0.163,0.165,,,,,,,,,,,,,,,,,,,,,,84.6,15.4,,100.0,,,,,,,55.0,,44.8,,,,99.7,,47.56855010986328,0.011441275477409363
107,127,Kettle,A150ND,9.1,25.0,7,18,0.253,0.257,29.34,,,4888.0,14843.0,28637.0,3.037,,,,,,30.0,,,,,,,,,70.0,,,100.0,,,,,,,,,45.6,1.0,53.5,,100.0,,48.67094802856445,0.05709467828273773
117,137,Rig,Neat,18.42,17.6,,,0.19699999999999998,0.19899999999999998,,,,,,,,,,,,,,,,,,,,,,84.4,15.6,,100.0,,,,,,,59.4,,40.5,,,,99.7,,51.48442077636719,0.02395300567150116
151,171,Rig,Neat,8.97,28.93275853,,,0.19699999999999998,0.19899999999999998,,,,,,,,,,,,,,,,,,,,,,84.2,15.8,,100.0,,,,,,,56.3,,43.5,,,,99.9,,56.44252014160156,0.025769248604774475
152,172,Rig,Neat,7.56,25.14339196,,,0.205,0.20800000000000002,,,,,,,,,,,,,,,,,,,,,,84.5,15.5,,100.0,,,,,,,55.2,,44.7,,,,99.9,,61.61920166015625,0.019003435969352722
187,228,Rig,Neat,5.3,17.2,,,0.217,,78.77,,,8803.0,18962.0,30729.0,2.15,,,,,,,,,,,,,,,84.5,15.5,,100.0,,,,,,,,54.9,45.0,,,,100.0,,64.43733215332031,0.033802106976509094
242,C10,,,,,,,0.821,,59.0,61.0,4.94,6195.0,87796.0,167675.0,14.17,,,,,,,,,,,,,,,100.0,,,100.0,100.0,,,,,,,,,,,,100.0,,69.4141845703125,0.3811521530151367
231,Resin 8c,Rig,Neat,8.3,26.87,,,0.24100000000000002,0.244,61.57,,,6338.0,22108.0,48858.0,3.488,3562.0,8871.0,16356.0,2.49,,,,,,,,,,,100.0,,,100.0,,,,,,,28.3,,19.2,3.4,49.1,,100.0,,72.74067687988281,0.02235369384288788
209,Resin 3a,Rig,Neat,13.5,30.2,,,0.203,0.20600000000000002,49.05,,,5162.0,14525.0,27386.0,2.8139999999999996,2949.0,6269.0,10212.0,2.126,,,,,,,,,,,100.0,,,100.0,,,,,,,38.0,,,3.9,58.1,,100.0,,77.89190673828125,0.005532428622245789
172,197,Rig,Neat,6.23,15.99733063,,,0.268,0.273,,,,,,,,,,,,,,,,,,,,,,84.9,15.1,,100.0,,,,,,,57.7,,42.2,,,,99.9,,78.09510803222656,0.04324235022068024
153,173,Rig,Neat,5.19,18.99375754,,,0.23800000000000002,0.242,,,,,,,,,,,,,,,,,,,,,,84.4,15.6,,100.0,,,,,,,56.1,,43.7,,,,99.7,,79.47982025146484,0.018702581524848938
77,81,Kettle,A150ND,2.02,33.0,13,20,0.198,0.2,31.15,,,7691.0,16310.0,26542.0,2.121,,,,,,29.2,,,,,,,,,70.8,,,100.0,,,,,,,,,45.2,,54.8,,100.0,,85.21903228759766,0.010674729943275452
80,84,Kettle,A150ND,6.8,20.0,6,13,0.396,0.406,34.33,,,10722.0,49529.0,142542.0,4.619,,,,,,28.6,,,,,,,,,71.4,,,100.0,,,,,,,,,46.5,2.6,50.9,,100.0,,101.11469268798828,0.07034939527511597
87,91,Kettle,A150ND,5.1,19.0,6,14,0.32299999999999995,0.33,34.49,,,13896.0,48970.0,111016.0,3.5239999999999996,,,,,,29.1,,,,,,,,,70.9,,,100.0,,,,,,,,,45.7,1.0,53.3,,100.4,,102.85020446777344,0.0035027265548706055
85,89,Kettle,A150ND,5.5,12.8,,,0.444,0.45799999999999996,,,,,,,,,,,,,30.0,,,,,,,,,70.0,,,100.0,,,,,,,,,45.0,2.0,53.0,,100.0,,107.76590728759766,0.10293370485305786
0,1,Kettle,A150ND,4.5,19.0,3,16,0.27899999999999997,,81.65,,,9789.0,24619.0,44116.0,2.515,,,,,,,,,30.6,,,,,,49.8,19.6,,100.0,,,,,,,59.1,,40.1,0.8,,,100.0,,109.40049743652344,0.049547865986824036
64,68,Kettle,A150ND,6.0,14.0,5,9,0.316,0.32299999999999995,97.76,,,11230.0,30681.0,56571.0,2.73,,,,,,,,,30.6,,,,,,50.0,19.4,,100.0,,,,,,,38.8,,60.1,1.1,,,100.0,,121.30533599853516,0.044693946838378906
103,107,Kettle ,A150ND,4.9,21.0,6,15,0.306,0.312,102.4,,,10197.0,35888.0,87172.0,3.5189999999999997,5341.0,13353.0,26299.0,2.5,,4.7,,,,,,,,,46.4,48.9,,100.0,,,,,,,,,50.0,3.0,9.8,37.1,100.0,,124.0654067993164,0.013112038373947144
62,66,Kettle,A150ND,4.46,14.0,2,12,0.313,0.319,88.86,,,10955.0,28004.0,49712.0,2.56,,,,,,,,,30.5,,,,,,49.8,19.7,,100.0,,,,,,,48.4,,50.8,0.8,,,100.0,,130.23426818847656,0.04337817430496216
66,70,Kettle,A150ND,3.98,15.0,2,13,0.304,0.31,89.52,,,10650.0,27181.0,48418.0,2.55,,,,,,,,,29.6,,,,,,48.4,22.0,,100.0,,,,,,,48.5,,50.7,0.7,,,100.0,,135.936279296875,0.041568368673324585
169,193,Rig,Neat,2.1,14.58360836,,,0.27,0.275,,,,,,,,,,,,,,,,,,,,,,84.6,15.4,,100.0,,,,,,,57.8,,42.0,,,,99.9,,139.0279541015625,0.006827205419540405
136,156,Rig,Neat,6.1,6.03432744,,,0.38299999999999995,0.39299999999999996,,,,,,,,,,,,,,,,,,,,,,84.7,15.3,,100.0,,,,,,,60.6,,39.4,,,,99.8,,143.42689514160156,0.056283652782440186
54,58,Kettle,A150ND,2.8,17.0,4,13,0.29100000000000004,0.297,80.9,,,9240.0,33614.0,67490.0,3.638,5890.0,18189.0,34129.0,3.088,,,,,,,,,,,85.2,14.8,,100.0,,,,,,,43.6,,44.9,1.8,9.8,,100.0,,145.2466583251953,0.017348110675811768
197,244,Rig,Neat,0.97,1.3,,,0.6920000000000001,0.726,-40.74,,,8278.0,20705.0,33318.0,2.501,,,,,100.0,,,,,,,,,,,,,100.0,,,,,,,100.0,,,,,,100.0,,148.01431274414062,0.04191333055496216
86,90,Kettle,A150ND,4.5,6.0,2,4,0.436,0.449,36.7,,,15062.0,41426.0,64364.0,2.75,,,,,,29.0,,,,,,,,,71.0,,,100.0,,,,,,,,,45.1,,54.9,,100.0,,149.69140625,0.01944679021835327
285,C53,,,,,,,0.078,,50.0,130.0,3.58,999.0,1708.0,2772.0,1.71,,,,,,,,,,,,100.0,,,,,,100.0,,,,,,,,,100.0,,,,100.0,,164.98020935058594,0.004621587693691254
105,125,Kettle,A150ND,1.1,20.0,20,0,0.249,0.253,37.51,,,9486.0,20124.0,31384.0,2.121,,,,,15.5,,,,,,,,,,51.8,32.7,,100.0,,,,,,75.5,24.5,,,,,,100.0,,176.35400390625,0.026326313614845276
258,C26,,,,,,,0.127,,92.0,152.0,0.2,3226.0,7592.0,12943.0,2.353,,,,,,,,,,,,,,100.0,,,,100.0,,,,,,,,,100.0,,,,100.0,,185.9842987060547,0.023972690105438232
174,199,Rig,Neat,1.26,9.367683284,,,0.425,0.43700000000000006,,,,,,,,,,,,,,,,,,,,,,84.6,15.4,,100.0,,,,,,,58.4,,41.4,,,,99.9,,228.31912231445312,0.0766465961933136
137,157,Rig,Neat,3.22,4.307363748,,,0.563,0.585,,,,,,,,,,,,,,,,,,,,,,84.9,15.1,,100.0,,,,,,,60.2,,39.7,,,,99.7,,250.21229553222656,0.1392056941986084
245,C13,,,,,,,0.7490000000000001,,3.0,4.0,0.55,14666.0,60549.0,106708.0,4.129,,,,,,,,,,,,,,,100.0,,,100.0,,,,,100.0,,,,,,,,100.0,,252.68182373046875,0.27499130368232727
1,2,Kettle,A150ND,0.7,19.0,5,14,0.321,,85.75,,,12262.0,29295.0,51337.0,2.3890000000000002,,,,,,,,,30.5,,,,,,49.7,19.7,,100.0,,,,,,,53.9,,45.3,0.8,,,100.0,,322.34625244140625,0.04997164011001587
46,50,Kettle,A150ND,3.1,5.0,2,3,0.494,0.51,69.05,,,19652.0,42934.0,64851.0,2.185,11630.0,23100.0,,,,,,,,,,,,,71.1,28.9,,100.0,,,,,9.7,,45.5,,22.5,,,22.4,100.0,,405.8486022949219,0.07180982828140259
295,C63,,,,,,,0.5479999999999999,,-46.0,-45.0,0.43,12837.0,41046.0,72106.0,3.197,,,,,,100.0,,,,,,,,,,,,100.0,,100.0,,,,,,,,,,,,,422.6026916503906,0.003551304340362549
222,Resin 6b,Rig,Neat,3.8,17.6,,,0.551,0.5720000000000001,37.26,,,9626.0,111316.0,587195.0,11.564,5510.0,32843.0,123859.0,5.961,,14.3,,,,,,,,,85.7,,,100.0,,,,,,,38.7,,,3.8,57.5,,100.0,,435.2725524902344,0.008779048919677734
99,103,Kettle ,A150ND,0.9,39.0,39,0,0.479,0.495,55.36,,,12448.0,83595.0,555527.0,6.716,,,,,10.1,,,,,,,,,,65.7,24.2,,100.0,,,,,,,41.1,52.8,,6.1,,,100.0,,448.47454833984375,0.13018235564231873
246,C14,,,,,,,0.706,,64.0,66.0,1.29,15243.0,82050.0,148293.0,5.382999999999999,,,,,,,,,,,,,,,100.0,,,100.0,,,,,,100.0,,,,,,,100.0,,528.2525634765625,0.3263092637062073
212,Resin 3d,Rig,Neat,3.8,15.3,,,0.8029999999999999,0.8490000000000001,57.08,,,14340.0,233183.0,1536429.0,16.261,7545.0,59672.0,286184.0,7.909,,,,,,,,,,,100.0,,,100.0,,,,,,,38.7,,,3.9,57.4,,100.0,,745.0079956054688,0.14519226551055908
224,Resin 6d,Rig,Neat,2.5,16.82,,,1.091,1.181,37.97,,,10182.0,299226.0,2488728.0,29.388,5936.0,71757.0,429919.0,12.09,,14.2,,,,,,,,,85.8,,,100.0,,,,,,,38.7,,,4.0,57.4,,100.0,,828.8157958984375,0.3638872504234314
